community_id,community_label,community_size,dominant_affiliation,dominant_affiliation_count,community_purity,purity_contribution,distinct_affiliations
0,Community 1,9,Ludwig-Maximilians-Universität München,2,0.2222222222222222,2,17
1,Community 2,69,"University of California, Berkeley",15,0.21739130434782608,15,129
2,Community 3,48,University of Amsterdam,8,0.16666666666666666,8,52
3,Community 4,34,Adobe Systems (United States),3,0.08823529411764706,3,82
4,Community 5,97,Northeastern University,8,0.08247422680412371,8,220
5,Community 6,5,Technical University of Munich,4,0.8,4,3
6,Community 7,92,Massachusetts Institute of Technology,12,0.13043478260869565,12,186
7,Community 8,2,Courant Institute of Mathematical Sciences,2,1.0,2,2
8,Community 9,50,Microsoft Research Asia (China),6,0.12,6,146
9,Community 10,6,University of Freiburg,5,0.8333333333333334,5,7
10,Community 11,5,Nanjing University,3,0.6,3,7
11,Community 12,16,Allen Institute,5,0.3125,5,15
12,Community 13,16,Xiamen University,10,0.625,10,26
13,Community 14,3,Allen University,1,0.3333333333333333,1,6
14,Community 15,2,Tel Aviv University,2,1.0,2,2
15,Community 16,22,National University of Defense Technology,9,0.4090909090909091,9,76
16,Community 17,19,Google (United States),4,0.21052631578947367,4,36
17,Community 18,3,Stanford University,3,1.0,3,1
18,Community 19,30,Technische Universität Darmstadt,4,0.13333333333333333,4,33
19,Community 20,5,University of Chinese Academy of Sciences,3,0.6,3,24
20,Community 21,6,"Agency for Science, Technology and Research",2,0.3333333333333333,2,11
21,Community 22,5,Johannes Kepler University of Linz,3,0.6,3,6
22,Community 23,3,KTH Royal Institute of Technology,1,0.3333333333333333,1,4
23,Community 24,4,Seoul National University,3,0.75,3,3
24,Community 25,2,Samsung (United Kingdom),2,1.0,2,2
25,Community 26,60,University of Science and Technology of China,14,0.23333333333333334,14,133
26,Community 27,2,Columbia University Irving Medical Center,1,0.5,1,3
27,Community 28,9,École Polytechnique Fédérale de Lausanne,4,0.4444444444444444,4,7
28,Community 29,8,Tsinghua University,3,0.375,3,48
29,Community 30,2,Google DeepMind (United Kingdom),2,1.0,2,2
30,Community 31,5,Amazon (United States),1,0.2,1,10
31,Community 32,41,Google (United States),17,0.4146341463414634,17,26
32,Community 33,101,University of Science and Technology of China,17,0.16831683168316833,17,256
33,Community 34,4,Tsinghua University,2,0.5,2,10
34,Community 35,30,Michigan State University,4,0.13333333333333333,4,79
35,Community 36,64,Tsinghua University,15,0.234375,15,171
36,Community 37,2,McGill University,1,0.5,1,2
37,Community 38,2,Google (United States),1,0.5,1,2
38,Community 39,103,Shanghai Jiao Tong University,8,0.07766990291262135,8,229
39,Community 40,7,Beijing Normal University,1,0.14285714285714285,1,12
40,Community 41,22,Texas A&M University,5,0.22727272727272727,5,46
41,Community 42,4,Tsinghua University,4,1.0,4,6
42,Community 43,2,Berlin Institute of Health at Charité - Universitätsmedizin Berlin,1,0.5,1,3
43,Community 44,3,Beijing University of Chemical Technology,1,0.3333333333333333,1,8
44,Community 45,4,China Southern Power Grid (China),1,0.25,1,11
45,Community 46,5,Aalto University,1,0.2,1,8
46,Community 47,3,Korea Advanced Institute of Science and Technology,2,0.6666666666666666,2,3
47,Community 48,3,Neurosciences Institute,2,0.6666666666666666,2,7
48,Community 49,3,Cell Technology (China),1,0.3333333333333333,1,7
49,Community 50,2,IIT@MIT,1,0.5,1,4
50,Community 51,2,Apple (United Kingdom),1,0.5,1,2
51,Community 52,7,Chinese University of Hong Kong,2,0.2857142857142857,2,7
52,Community 53,2,Cornell University,2,1.0,2,1
53,Community 54,3,Ingegneria dei Sistemi (Italy),1,0.3333333333333333,1,3
54,Community 55,10,Sorbonne Université,5,0.5,5,24
55,Community 56,4,Duke University,2,0.5,2,4
56,Community 57,2,Artificial Intelligence in Medicine (Canada),1,0.5,1,3
57,Community 58,3,Pennsylvania State University,1,0.3333333333333333,1,3
58,Community 59,3,Bernstein Center for Computational Neuroscience Tübingen,1,0.3333333333333333,1,8
59,Community 60,2,"University of California, Santa Cruz",2,1.0,2,2
60,Community 61,5,Google (United States),3,0.6,3,6
61,Community 62,4,École Polytechnique Fédérale de Lausanne,2,0.5,2,3
62,Community 63,12,Chinese Academy of Sciences,10,0.8333333333333334,10,56
63,Community 64,3,Harvard University,1,0.3333333333333333,1,3
64,Community 65,10,Peking University,5,0.5,5,22
65,Community 66,3,Nanjing University,2,0.6666666666666666,2,4
66,Community 67,10,ETH Zurich,6,0.6,6,3
67,Community 68,2,Brown University,1,0.5,1,5
68,Community 69,45,Tsinghua University,11,0.24444444444444444,11,134
69,Community 70,8,"Agency for Science, Technology and Research",2,0.25,2,35
70,Community 71,3,Amherst College,2,0.6666666666666666,2,5
71,Community 72,45,Google (United States),5,0.1111111111111111,5,115
72,Community 73,44,University of Virginia,5,0.11363636363636363,5,143
73,Community 74,4,ETH Zurich,2,0.5,2,3
74,Community 75,3,Oregon State University,2,0.6666666666666666,2,6
75,Community 76,2,Georgia Institute of Technology,1,0.5,1,4
76,Community 77,40,Beijing Academy of Artificial Intelligence,6,0.15,6,101
77,Community 78,5,Centre Inria de Saclay,3,0.6,3,9
78,Community 79,6,Western University,3,0.5,3,23
79,Community 80,2,Massachusetts Institute of Technology,1,0.5,1,2
80,Community 81,2,Georgia Institute of Technology,1,0.5,1,2
81,Community 82,8,University of Hong Kong,4,0.5,4,22
82,Community 83,2,Berkeley College,1,0.5,1,8
83,Community 84,2,Amazon (Germany),1,0.5,1,3
84,Community 85,3,National University of Defense Technology,2,0.6666666666666666,2,18
85,Community 86,2,Institute of Computing Technology,2,1.0,2,3
86,Community 87,2,Inserm,1,0.5,1,4
87,Community 88,3,Cape Eleuthera Institute,1,0.3333333333333333,1,3
88,Community 89,5,Baylor College of Medicine,3,0.6,3,15
89,Community 90,44,Sichuan University,6,0.13636363636363635,6,108
90,Community 91,2,London School of Economics and Political Science,1,0.5,1,2
91,Community 92,20,"University of Maryland, College Park",6,0.3,6,18
92,Community 93,2,East China University of Technology,1,0.5,1,8
93,Community 94,5,Fudan University,4,0.8,4,10
94,Community 95,5,Chengdu Jincheng College,1,0.2,1,9
95,Community 96,64,Peking University,5,0.078125,5,113
96,Community 97,3,Beijing Academy of Artificial Intelligence,1,0.3333333333333333,1,7
97,Community 98,2,Instituto de Telecomunicações,2,1.0,2,4
98,Community 99,4,Imperial College London,2,0.5,2,6
99,Community 100,74,ETH Zurich,9,0.12162162162162163,9,82
100,Community 101,2,Indian Institute of Technology BHU,1,0.5,1,3
101,Community 102,8,Deakin University,7,0.875,7,10
102,Community 103,13,Xi'an Jiaotong University,3,0.23076923076923078,3,51
103,Community 104,4,Google (United States),4,1.0,4,8
104,Community 105,2,Centre National de la Recherche Scientifique,1,0.5,1,7
105,Community 106,14,National University of Defense Technology,2,0.14285714285714285,2,17
106,Community 107,4,China National Bamboo Research Center,1,0.25,1,16
107,Community 108,51,University of Washington,4,0.0784313725490196,4,293
108,Community 109,4,Carnegie Mellon University,2,0.5,2,4
109,Community 110,4,Università della Svizzera italiana,3,0.75,3,5
110,Community 111,2,Xi'an Jiaotong University,1,0.5,1,2
111,Community 112,7,Zhejiang University,2,0.2857142857142857,2,17
112,Community 113,4,Jagiellonian University,4,1.0,4,4
113,Community 114,2,Centre National de la Recherche Scientifique,1,0.5,1,3
114,Community 115,2,Shanxi University,2,1.0,2,6
115,Community 116,12,Kuaishou (China),4,0.3333333333333333,4,34
116,Community 117,2,Yale University,2,1.0,2,4
117,Community 118,4,Broadcom (United Kingdom),2,0.5,2,8
118,Community 119,3,EURECOM,3,1.0,3,1
119,Community 120,2,Heilongjiang University,1,0.5,1,3
120,Community 121,2,Anhui Special Equipment Inspection Institute,1,0.5,1,17
121,Community 122,2,Ludwig-Maximilians-Universität München,2,1.0,2,4
122,Community 123,4,Korea Advanced Institute of Science and Technology,2,0.5,2,6
123,Community 124,18,Nanyang Technological University,6,0.3333333333333333,6,42
124,Community 125,2,Vector Institute,2,1.0,2,3
125,Community 126,4,Purdue University West Lafayette,2,0.5,2,8
126,Community 127,2,Fujian University of Traditional Chinese Medicine,1,0.5,1,2
127,Community 128,2,Imperial College London,2,1.0,2,3
128,Community 129,2,Mohamed bin Zayed University of Artificial Intelligence,1,0.5,1,3
129,Community 130,2,Data61,1,0.5,1,6
130,Community 131,2,University of Mannheim,2,1.0,2,3
131,Community 132,2,McGill University,1,0.5,1,2
132,Community 133,6,Centre National de la Recherche Scientifique,3,0.5,3,22
133,Community 134,3,University of Toronto,2,0.6666666666666666,2,2
134,Community 135,3,Stony Brook University,2,0.6666666666666666,2,2
135,Community 136,2,Beijing Municipal Ecology and Environment Bureau,1,0.5,1,6
136,Community 137,3,University of Michigan,2,0.6666666666666666,2,4
137,Community 138,6,Stanford University,3,0.5,3,13
138,Community 139,2,Oregon State University,1,0.5,1,2
139,Community 140,3,China Southern Power Grid (China),1,0.3333333333333333,1,3
140,Community 141,2,Hebrew University of Jerusalem,2,1.0,2,1
141,Community 142,2,Zhejiang University,1,0.5,1,2
142,Community 143,2,Google (United States),1,0.5,1,2
143,Community 144,3,Shanghai Jiao Tong University,2,0.6666666666666666,2,6
144,Community 145,3,Institut Polytechnique de Paris,2,0.6666666666666666,2,11
145,Community 146,2,Chinese People's Armed Police Force Engineering University,1,0.5,1,5
146,Community 147,2,Apple (Israel),1,0.5,1,3
147,Community 148,2,Google (United States),1,0.5,1,3
148,Community 149,3,Lancaster University,1,0.3333333333333333,1,7
149,Community 150,2,Chuo University,1,0.5,1,4
150,Community 151,6,University College London,2,0.3333333333333333,2,8
151,Community 152,2,Pennsylvania State University,2,1.0,2,1
152,Community 153,2,Leiden University,1,0.5,1,3
153,Community 154,2,Pohang University of Science and Technology,2,1.0,2,2
154,Community 155,3,Central South University,1,0.3333333333333333,1,17
155,Community 156,7,University of California San Diego,2,0.2857142857142857,2,23
156,Community 157,3,Uppsala University,2,0.6666666666666666,2,6
157,Community 158,2,Google (United States),1,0.5,1,2
158,Community 159,2,Washington University in St. Louis,2,1.0,2,8
159,Community 160,3,Alibaba Group (China),1,0.3333333333333333,1,6
160,Community 161,2,École Polytechnique Fédérale de Lausanne,2,1.0,2,1
161,Community 162,9,Peking University,3,0.3333333333333333,3,19
162,Community 163,17,Mohamed bin Zayed University of Artificial Intelligence,3,0.17647058823529413,3,51
163,Community 164,6,Beijing Academy of Artificial Intelligence,4,0.6666666666666666,4,42
164,Community 165,2,University of Alberta,1,0.5,1,2
165,Community 166,3,University of Virginia,3,1.0,3,8
166,Community 167,3,Johns Hopkins University,2,0.6666666666666666,2,3
167,Community 168,3,Xiamen University,2,0.6666666666666666,2,3
168,Community 169,4,Cornell University,1,0.25,1,6
169,Community 170,2,National University of Defense Technology,1,0.5,1,3
170,Community 171,3,Kootenay Association for Science & Technology,1,0.3333333333333333,1,4
171,Community 172,18,Renmin University of China,6,0.3333333333333333,6,50
172,Community 173,2,Columbia University,1,0.5,1,2
173,Community 174,2,Google (United States),1,0.5,1,2
174,Community 175,4,Bar-Ilan University,2,0.5,2,4
175,Community 176,5,Texas A&M University,3,0.6,3,5
176,Community 177,2,Commonwealth Scientific and Industrial Research Organisation,2,1.0,2,4
177,Community 178,2,Cognizant (United States),2,1.0,2,3
178,Community 179,2,RWTH Aachen University,2,1.0,2,1
179,Community 180,2,Microsoft Research (United Kingdom),1,0.5,1,2
180,Community 181,40,Google DeepMind (United Kingdom),9,0.225,9,39
181,Community 182,2,University of Science and Technology of China,2,1.0,2,5
182,Community 183,11,Sun Yat-sen University,2,0.18181818181818182,2,35
183,Community 184,20,Tsinghua University,5,0.25,5,50
184,Community 185,2,Cardiff University,1,0.5,1,3
185,Community 186,68,Tsinghua University,16,0.23529411764705882,16,170
186,Community 187,57,Shanghai Jiao Tong University,15,0.2631578947368421,15,134
187,Community 188,52,Hong Kong University of Science and Technology,8,0.15384615384615385,8,153
188,Community 189,2,Beijing Jiaotong University,1,0.5,1,6
189,Community 190,2,Google (United States),2,1.0,2,3
190,Community 191,2,Cornell University,1,0.5,1,2
191,Community 192,3,Indian Institute of Technology Hyderabad,2,0.6666666666666666,2,10
192,Community 193,2,Boston Children's Hospital,1,0.5,1,3
193,Community 194,3,Chonnam National University,1,0.3333333333333333,1,3
194,Community 195,3,Aalto University,1,0.3333333333333333,1,7
195,Community 196,2,Sejong University,1,0.5,1,2
196,Community 197,4,Tencent (China),2,0.5,2,19
197,Community 198,2,Monash University,2,1.0,2,4
198,Community 199,3,Carnegie Mellon University,3,1.0,3,1
199,Community 200,2,First Affiliated Hospital of Harbin Medical University,1,0.5,1,3
200,Community 201,2,Pennsylvania State University,2,1.0,2,1
201,Community 202,2,Princeton University,2,1.0,2,1
202,Community 203,4,Shanghai Jiao Tong University,3,0.75,3,5
203,Community 204,2,City University of Hong Kong,2,1.0,2,2
204,Community 205,2,Children's Oncology Group,1,0.5,1,2
205,Community 206,2,Northwestern Polytechnical University,1,0.5,1,2
206,Community 207,3,Advanced Micro Devices (Canada),1,0.3333333333333333,1,6
207,Community 208,2,China Geological Survey,1,0.5,1,12
208,Community 209,2,Peking University,2,1.0,2,4
209,Community 210,3,Tsinghua University,2,0.6666666666666666,2,5
210,Community 211,4,Massachusetts Institute of Technology,2,0.5,2,6
211,Community 212,3,École Polytechnique Fédérale de Lausanne,3,1.0,3,1
212,Community 213,9,University of Modena and Reggio Emilia,5,0.5555555555555556,5,14
213,Community 214,2,Lawrence Livermore National Laboratory,2,1.0,2,1
214,Community 215,2,Sun Yat-sen University,2,1.0,2,11
215,Community 216,2,China National Botanical Garden,1,0.5,1,9
216,Community 217,4,Hong Kong University of Science and Technology,4,1.0,4,2
217,Community 218,2,California Southern University,1,0.5,1,3
218,Community 219,2,Alpha Omega Alpha Medical Honor Society,1,0.5,1,8
219,Community 220,2,Columbia University,2,1.0,2,1
220,Community 221,2,Samsung (United Kingdom),2,1.0,2,1
221,Community 222,2,Harvard University,2,1.0,2,7
222,Community 223,5,ETH Zurich,4,0.8,4,3
223,Community 224,2,Nanjing Medical University,1,0.5,1,3
224,Community 225,2,Harbin Institute of Technology,2,1.0,2,4
225,Community 226,2,Zhejiang University,2,1.0,2,19
226,Community 227,2,Google (United States),1,0.5,1,2
227,Community 228,2,University of Electronic Science and Technology of China,2,1.0,2,2
228,Community 229,3,Shanghai Jiao Tong University,2,0.6666666666666666,2,4
229,Community 230,5,The University of Queensland,3,0.6,3,26
230,Community 231,2,Academy of Mathematics and Systems Science,1,0.5,1,3
231,Community 232,2,Radboud University Nijmegen,2,1.0,2,1
232,Community 233,2,Zuse Institute Berlin,2,1.0,2,2
233,Community 234,3,Tianjin University,3,1.0,3,25
234,Community 235,2,Army Medical University,1,0.5,1,13
235,Community 236,3,Munich Center for Machine Learning,1,0.3333333333333333,1,4
236,Community 237,2,Jingdong (China),1,0.5,1,7
237,Community 238,2,ShanghaiTech University,1,0.5,1,6
238,Community 239,4,Fudan University,2,0.5,2,14
239,Community 240,2,Hong Kong University of Science and Technology,2,1.0,2,25
240,Community 241,2,China West Normal University,1,0.5,1,2
241,Community 242,2,China Pharmaceutical University,1,0.5,1,5
242,Community 243,2,Morgan Stanley (United States),2,1.0,2,1
243,Community 244,3,Alibaba Group (China),2,0.6666666666666666,2,2
244,Community 245,2,Bureau Veritas (France),1,0.5,1,13
245,Community 246,5,Bocconi University,1,0.2,1,10
246,Community 247,4,Nanyang Technological University,3,0.75,3,5
247,Community 248,2,Artificial Intelligence in Medicine (Canada),1,0.5,1,3
248,Community 249,3,Simon Fraser University,3,1.0,3,1
249,Community 250,2,University of Cambridge,1,0.5,1,2
250,Community 251,2,University of Luxembourg,1,0.5,1,2
251,Community 252,2,Harbin Institute of Technology,1,0.5,1,2
252,Community 253,2,Science Oxford,2,1.0,2,3
253,Community 254,2,Chinese University of Hong Kong,2,1.0,2,3
254,Community 255,3,Changsha University of Science and Technology,1,0.3333333333333333,1,12
255,Community 256,2,Stanford University,2,1.0,2,3
256,Community 257,3,Pontifícia Universidade Católica do Rio de Janeiro,2,0.6666666666666666,2,4
257,Community 258,2,Institut national de recherche en informatique et en automatique,1,0.5,1,3
258,Community 259,2,Tsinghua University,2,1.0,2,3
259,Community 260,3,Alibaba Group (United States),1,0.3333333333333333,1,11
260,Community 261,2,Seoul National University,2,1.0,2,1
261,Community 262,4,Yale University,2,0.5,2,3
262,Community 263,2,China Building Materials Academy,1,0.5,1,2
263,Community 264,2,Beijing Normal University,1,0.5,1,28
264,Community 265,2,Kunming Medical University,1,0.5,1,6
265,Community 266,3,University of Southampton,2,0.6666666666666666,2,5
266,Community 267,2,Carnegie Mellon University,1,0.5,1,2
267,Community 268,6,Affiliated Hospital of Guizhou Medical University,1,0.16666666666666666,1,16
268,Community 269,4,Microsoft Research Asia (China),3,0.75,3,6
269,Community 270,3,Hefei University of Technology,1,0.3333333333333333,1,3
270,Community 271,4,Microsoft (United States),2,0.5,2,8
271,Community 272,2,Technion – Israel Institute of Technology,1,0.5,1,2
272,Community 273,5,Don Carlo Gnocchi Foundation,1,0.2,1,7
273,Community 274,5,Tongji University,4,0.8,4,17
274,Community 275,2,Hangzhou Dianzi University,1,0.5,1,6
275,Community 276,2,Centre National de la Recherche Scientifique,1,0.5,1,4
276,Community 277,2,Google (United States),1,0.5,1,3
277,Community 278,2,Amazon (United States),1,0.5,1,4
278,Community 279,3,Technical University of Munich,2,0.6666666666666666,2,2
279,Community 280,3,Cornell University,1,0.3333333333333333,1,6
280,Community 281,4,Zhejiang University,2,0.5,2,19
281,Community 282,2,Chengdu University of Traditional Chinese Medicine,1,0.5,1,5
282,Community 283,2,East China University of Science and Technology,1,0.5,1,7
283,Community 284,3,Purdue University West Lafayette,2,0.6666666666666666,2,4
284,Community 285,6,Apple (United Kingdom),3,0.5,3,7
285,Community 286,2,Chongqing Jiaotong University,1,0.5,1,4
286,Community 287,5,Communication University of China,1,0.2,1,10
287,Community 288,2,Beijing Information Science & Technology University,1,0.5,1,16
288,Community 289,5,Nanjing University,4,0.8,4,9
289,Community 290,3,Adobe Systems (United States),1,0.3333333333333333,1,3
290,Community 291,5,University of Illinois Urbana-Champaign,2,0.4,2,12
291,Community 292,2,Institute of Natural Science,1,0.5,1,5
292,Community 293,3,California Southern University,1,0.3333333333333333,1,4
293,Community 294,2,Texas A&M University,2,1.0,2,2
294,Community 295,2,Amazon (Germany),1,0.5,1,4
295,Community 296,7,China Medical University,1,0.14285714285714285,1,17
296,Community 297,2,Amherst College,1,0.5,1,4
297,Community 298,3,Nanjing University,3,1.0,3,5
298,Community 299,2,Google (United Kingdom),1,0.5,1,3
299,Community 300,2,Tsinghua University,2,1.0,2,1
300,Community 301,3,Beijing Meteorological Bureau,1,0.3333333333333333,1,8
301,Community 302,2,University of Edinburgh,2,1.0,2,1
302,Community 303,2,Chinese University of Hong Kong,1,0.5,1,4
303,Community 304,2,Florida State University,1,0.5,1,2
304,Community 305,4,Technion – Israel Institute of Technology,3,0.75,3,2
305,Community 306,2,Tsinghua University,2,1.0,2,7
306,Community 307,2,University of Science and Technology Beijing,2,1.0,2,1
307,Community 308,4,Chinese University of Hong Kong,3,0.75,3,13
308,Community 309,3,Liaoning Technical University,2,0.6666666666666666,2,11
309,Community 310,2,Beijing Institute of Technology,2,1.0,2,9
310,Community 311,2,École Polytechnique,2,1.0,2,5
311,Community 312,3,Beijing Academy of Artificial Intelligence,1,0.3333333333333333,1,11
312,Community 313,2,VinUniversity,2,1.0,2,4
313,Community 314,4,German Cancer Research Center,4,1.0,4,5
314,Community 315,3,Tel Aviv University,2,0.6666666666666666,2,3
315,Community 316,6,Tianjin University,2,0.3333333333333333,2,20
316,Community 317,2,Beihang University,2,1.0,2,17
317,Community 318,2,Flatiron Health (United States),1,0.5,1,6
318,Community 319,4,Centre National de la Recherche Scientifique,1,0.25,1,11
319,Community 320,2,Ben-Gurion University of the Negev,2,1.0,2,1
320,Community 321,2,Pontificia Universidad Católica de Chile,1,0.5,1,2
321,Community 322,30,Mohamed bin Zayed University of Artificial Intelligence,5,0.16666666666666666,5,32
322,Community 323,2,"Chinese University of Hong Kong, Shenzhen",2,1.0,2,11
323,Community 324,3,"University of Maryland, College Park",3,1.0,3,1
324,Community 325,2,Ghent University Hospital,2,1.0,2,2
325,Community 326,2,Nanyang Technological University,2,1.0,2,3
326,Community 327,3,Xi'an Jiaotong University,2,0.6666666666666666,2,7
327,Community 328,2,Artificial Intelligence in Medicine (Canada),1,0.5,1,8
328,Community 329,3,Jilin Electric Power Research Institute (China),1,0.3333333333333333,1,4
329,Community 330,2,Jiangsu University,1,0.5,1,3
330,Community 331,2,Google (United States),2,1.0,2,2
331,Community 332,4,East China Normal University,1,0.25,1,5
332,Community 333,5,University of Electronic Science and Technology of China,5,1.0,5,2
333,Community 334,2,Beijing Institute of Technology,2,1.0,2,13
334,Community 335,3,City University of Hong Kong,1,0.3333333333333333,1,5
335,Community 336,2,Artificial Intelligence in Medicine (Canada),1,0.5,1,6
336,Community 337,12,Fudan University,4,0.3333333333333333,4,37
337,Community 338,2,Institute of Natural Science,1,0.5,1,3
338,Community 339,6,University of Illinois Urbana-Champaign,3,0.5,3,6
339,Community 340,6,Zhejiang University,3,0.5,3,23
340,Community 341,81,University of Oxford,9,0.1111111111111111,9,130
341,Community 342,2,Athinoula A. Martinos Center for Biomedical Imaging,1,0.5,1,5
342,Community 343,2,"Rutgers, The State University of New Jersey",1,0.5,1,2
343,Community 344,3,The University of Texas at Dallas,1,0.3333333333333333,1,3
344,Community 345,3,IBM (United States),2,0.6666666666666666,2,3
345,Community 346,6,Tencent (China),2,0.3333333333333333,2,21
346,Community 347,4,Harbin Institute of Technology,2,0.5,2,16
347,Community 348,3,Southern California University for Professional Studies,2,0.6666666666666666,2,6
348,Community 349,4,Beijing Institute of Technology,1,0.25,1,11
349,Community 350,2,ETH Zurich,2,1.0,2,4
350,Community 351,2,Heidelberg University,2,1.0,2,2
351,Community 352,7,University of Rochester,3,0.42857142857142855,3,14
352,Community 353,2,University of Pisa,2,1.0,2,1
353,Community 354,2,Arizona State University,1,0.5,1,3
354,Community 355,3,AREA Science Park,2,0.6666666666666666,2,2
355,Community 356,2,North Carolina State University,1,0.5,1,2
356,Community 357,2,Technical University of Munich,2,1.0,2,2
357,Community 358,3,University of North Carolina at Chapel Hill,3,1.0,3,11
358,Community 359,2,Emory University,1,0.5,1,2
359,Community 360,4,HBIS (China),1,0.25,1,10
360,Community 361,2,North Carolina State University,1,0.5,1,3
361,Community 362,2,Columbia University,2,1.0,2,1
362,Community 363,2,Education University of Hong Kong,1,0.5,1,4
363,Community 364,2,Friedrich Schiller University Jena,1,0.5,1,2
364,Community 365,2,Tongji University,2,1.0,2,3
365,Community 366,3,National University of Defense Technology,1,0.3333333333333333,1,3
366,Community 367,2,University of Arkansas at Fayetteville,2,1.0,2,4
367,Community 368,3,Karlsruhe Institute of Technology,3,1.0,3,1
368,Community 369,4,The University of Adelaide,3,0.75,3,8
369,Community 370,2,University of Wisconsin–Madison,2,1.0,2,2
370,Community 371,2,Shanghai Jiao Tong University,2,1.0,2,2
371,Community 372,2,Aalto University,1,0.5,1,2
372,Community 373,2,Shanghai Jiao Tong University,2,1.0,2,1
373,Community 374,2,Shanghai Jiao Tong University,2,1.0,2,3
374,Community 375,2,Google (United States),1,0.5,1,2
375,Community 376,2,Pennsylvania State University,1,0.5,1,2
376,Community 377,14,Huazhong University of Science and Technology,6,0.42857142857142855,6,28
377,Community 378,9,Peng Cheng Laboratory,4,0.4444444444444444,4,20
378,Community 379,2,Chinese Academy of Sciences,2,1.0,2,7
379,Community 380,2,National University of Singapore,2,1.0,2,1
380,Community 381,2,Hong Kong University of Science and Technology,1,0.5,1,4
381,Community 382,5,Korea Advanced Institute of Science and Technology,5,1.0,5,7
382,Community 383,3,Korea Advanced Institute of Science and Technology,2,0.6666666666666666,2,3
383,Community 384,2,IBM (United States),1,0.5,1,2
384,Community 385,2,Intel (United States),1,0.5,1,3
385,Community 386,2,Alibaba Group (China),2,1.0,2,2
386,Community 387,3,China University of Geosciences,3,1.0,3,3
387,Community 388,2,"University of California, Los Angeles",2,1.0,2,2
388,Community 389,2,Chengdu Institute of Biology,1,0.5,1,14
389,Community 390,5,University of Hong Kong,2,0.4,2,5
390,Community 391,2,Hong Kong Polytechnic University,1,0.5,1,3
391,Community 392,2,Tsinghua University,2,1.0,2,2
392,Community 393,2,Peptidream (Japan),2,1.0,2,1
393,Community 394,2,Zhejiang University,2,1.0,2,7
394,Community 395,2,Fuzhou University,1,0.5,1,4
395,Community 396,2,Institute of Software,2,1.0,2,15
396,Community 397,3,United Imaging Healthcare (China),2,0.6666666666666666,2,9
397,Community 398,5,Pontificia Universidad Católica de Chile,3,0.6,3,5
398,Community 399,3,Google (United States),1,0.3333333333333333,1,4
399,Community 400,2,Johns Hopkins University,1,0.5,1,2
400,Community 401,2,King Abdullah University of Science and Technology,2,1.0,2,5
401,Community 402,4,Chinese Academy of Sciences,2,0.5,2,23
402,Community 403,3,South China University of Technology,3,1.0,3,1
403,Community 404,3,Tongji University,3,1.0,3,3
404,Community 405,3,Anhui Jianzhu University,1,0.3333333333333333,1,13
405,Community 406,3,"University of California, Riverside",3,1.0,3,3
406,Community 407,3,University of Mannheim,2,0.6666666666666666,2,3
407,Community 408,2,University of California System,2,1.0,2,3
408,Community 409,4,University of Alberta,3,0.75,3,16
409,Community 410,2,Affiliated Hospital of Qingdao University,1,0.5,1,21
410,Community 411,2,Fudan University,1,0.5,1,5
411,Community 412,3,California Institute of Technology,2,0.6666666666666666,2,7
412,Community 413,2,Technical University of Munich,2,1.0,2,3
413,Community 414,2,University of Virginia,1,0.5,1,2
414,Community 415,2,Georgia Institute of Technology,2,1.0,2,1
415,Community 416,3,The University of Texas at Austin,3,1.0,3,9
416,Community 417,3,Dalian University of Technology,2,0.6666666666666666,2,11
417,Community 418,2,Hallym University Chuncheon Sacred Heart Hospital,1,0.5,1,3
418,Community 419,2,Zhejiang University of Science and Technology,2,1.0,2,2
419,Community 420,2,Arizona State University,1,0.5,1,4
420,Community 421,2,Beihang University,2,1.0,2,5
421,Community 422,3,Amazon (United States),1,0.3333333333333333,1,7
422,Community 423,4,Beijing University of Posts and Telecommunications,2,0.5,2,7
423,Community 424,3,Technical University of Munich,2,0.6666666666666666,2,3
424,Community 425,2,Changsha University of Science and Technology,1,0.5,1,9
425,Community 426,2,Beijing University of Posts and Telecommunications,1,0.5,1,5
426,Community 427,2,Huawei Technologies (Canada),1,0.5,1,2
427,Community 428,2,Bielefeld University,2,1.0,2,2
428,Community 429,2,Cyprus Institute,1,0.5,1,3
429,Community 430,2,Hong Kong Polytechnic University,1,0.5,1,2
430,Community 431,2,Shanghai Jiao Tong University,2,1.0,2,20
431,Community 432,3,Sun Yat-sen University,3,1.0,3,1
432,Community 433,2,State Grid Corporation of China (China),2,1.0,2,13
433,Community 434,2,Zhejiang University,2,1.0,2,15
434,Community 435,3,University of Bologna,3,1.0,3,1
435,Community 436,8,Technical University of Darmstadt,5,0.625,5,8
436,Community 437,2,Automation and Process Engineering Laboratory,1,0.5,1,4
437,Community 438,7,Poznań University of Technology,2,0.2857142857142857,2,8
438,Community 439,2,Amherst College,2,1.0,2,2
439,Community 440,3,Case Western Reserve University,1,0.3333333333333333,1,5
440,Community 441,2,Ghent University,1,0.5,1,4
441,Community 442,2,University of Southern California,2,1.0,2,1
442,Community 443,2,Google (United States),2,1.0,2,1
443,Community 444,2,"Czech Academy of Sciences, Institute of Computer Science",1,0.5,1,3
444,Community 445,2,Duke University,2,1.0,2,1
445,Community 446,2,Hong Kong Baptist University,1,0.5,1,2
446,Community 447,2,University of Wisconsin–Madison,2,1.0,2,1
447,Community 448,2,The University of Texas at Dallas,1,0.5,1,4
448,Community 449,2,Carnegie Mellon University,1,0.5,1,2
449,Community 450,3,Technical University of Denmark,3,1.0,3,2
450,Community 451,2,Eindhoven University of Technology,1,0.5,1,3
451,Community 452,2,Laboratoire Traitement et Communication de l’Information,2,1.0,2,2
452,Community 453,2,Ghent University,2,1.0,2,2
453,Community 454,2,Alibaba Group (United States),1,0.5,1,8
454,Community 455,2,Microsoft Research (United Kingdom),2,1.0,2,1
455,Community 456,2,Broad Institute,1,0.5,1,2
456,Community 457,3,University of Illinois Urbana-Champaign,3,1.0,3,4
457,Community 458,2,Chemnitz University of Technology,1,0.5,1,3
458,Community 459,2,"Fraunhofer Institute for Telecommunications, Heinrich Hertz Institute",2,1.0,2,5
459,Community 460,2,Jeonbuk National University,1,0.5,1,5
460,Community 461,2,Beijing Jiaotong University,1,0.5,1,2
461,Community 462,2,Hong Kong University of Science and Technology,1,0.5,1,2
462,Community 463,2,Haverford College,1,0.5,1,2
463,Community 464,2,Gran Sasso Science Institute,1,0.5,1,4
464,Community 465,2,Lawrence Livermore National Laboratory,2,1.0,2,1
465,Community 466,2,Chongqing Normal University,1,0.5,1,8
466,Community 467,2,Chinese Academy of Medical Sciences & Peking Union Medical College,1,0.5,1,8
467,Community 468,4,Beihang University,3,0.75,3,32
468,Community 469,2,Alibaba Group (China),1,0.5,1,2
469,Community 470,2,Hunan University of Science and Technology,1,0.5,1,2
470,Community 471,3,Xidian University,3,1.0,3,42
471,Community 472,3,Chinese Academy of Sciences,2,0.6666666666666666,2,7
472,Community 473,2,KTH Royal Institute of Technology,1,0.5,1,2
473,Community 474,3,Beijing University of Posts and Telecommunications,3,1.0,3,25
474,Community 475,2,Chinese Academy of Sciences,2,1.0,2,4
475,Community 476,2,Beijing University of Technology,1,0.5,1,5
476,Community 477,2,Carnegie Mellon University,2,1.0,2,1
477,Community 478,3,China Aerospace Science and Industry Corporation (China),1,0.3333333333333333,1,6
478,Community 479,2,Dalian Medical University,1,0.5,1,11
479,Community 480,2,King's College London,1,0.5,1,8
480,Community 481,2,Beijing Computing Center,1,0.5,1,8
481,Community 482,2,Beijing Institute of Technology,2,1.0,2,8
482,Community 483,4,Meta (Israel),3,0.75,3,5
483,Community 484,2,Hunan University of Science and Technology,1,0.5,1,6
484,Community 485,3,"Chinese University of Hong Kong, Shenzhen",2,0.6666666666666666,2,5
485,Community 486,2,Beijing University of Posts and Telecommunications,1,0.5,1,2
486,Community 487,2,Beijing Normal University,1,0.5,1,6
487,Community 488,3,Alibaba Group (Cayman Islands),1,0.3333333333333333,1,5
488,Community 489,3,Australian Regenerative Medicine Institute,1,0.3333333333333333,1,6
489,Community 490,2,Lomonosov Moscow State University,2,1.0,2,4
490,Community 491,3,Mallinckrodt (United States),2,0.6666666666666666,2,28
491,Community 492,2,Friedrich Miescher Institute,1,0.5,1,2
492,Community 493,2,Sharif University of Technology,2,1.0,2,1
493,Community 494,2,University Hospital of Lausanne,2,1.0,2,6
494,Community 495,2,Beijing Academy of Artificial Intelligence,2,1.0,2,28
495,Community 496,2,East China Normal University,1,0.5,1,6
496,Community 497,3,Beijing Academy of Artificial Intelligence,2,0.6666666666666666,2,20
497,Community 498,2,University of Copenhagen,2,1.0,2,2
498,Community 499,2,Zhejiang University,2,1.0,2,6
499,Community 500,2,Allen Institute for Brain Science,1,0.5,1,2
500,Community 501,2,Hong Kong University of Science and Technology,1,0.5,1,3
501,Community 502,2,Shandong University of Science and Technology,2,1.0,2,10
502,Community 503,2,KTH Royal Institute of Technology,2,1.0,2,1
503,Community 504,2,Nanyang Technological University,1,0.5,1,2
504,Community 505,2,University of Cambridge,2,1.0,2,1
505,Community 506,2,Aalto University,1,0.5,1,2
506,Community 507,2,Friedrich Schiller University Jena,1,0.5,1,2
507,Community 508,2,Allen Institute for Brain Science,1,0.5,1,9
508,Community 509,3,Centre National de la Recherche Scientifique,1,0.3333333333333333,1,8
509,Community 510,2,Shenzhen University,2,1.0,2,8
510,Community 511,3,Shandong Institute of Automation,2,0.6666666666666666,2,9
511,Community 512,2,University of Exeter,1,0.5,1,2
512,Community 513,3,École Polytechnique Fédérale de Lausanne,2,0.6666666666666666,2,2
513,Community 514,2,UNSW Sydney,2,1.0,2,1
514,Community 515,2,Soochow University,2,1.0,2,7
515,Community 516,2,University of Science and Technology of China,2,1.0,2,13
516,Community 517,2,Tianjin University,2,1.0,2,11
517,Community 518,2,Columbia University,2,1.0,2,1
518,Community 519,4,TU Wien,3,0.75,3,4
519,Community 520,2,Central South University,1,0.5,1,12
520,Community 521,2,University of Illinois Urbana-Champaign,2,1.0,2,10
521,Community 522,2,University of Shanghai for Science and Technology,1,0.5,1,2
522,Community 523,2,Chinese Academy of Sciences,2,1.0,2,14
523,Community 524,2,Beijing Microelectronics Technology Institute,1,0.5,1,3
524,Community 525,96,Carnegie Mellon University,8,0.08333333333333333,8,157
525,Community 526,2,Imperial College London,2,1.0,2,1
526,Community 527,2,Beijing Institute of Technology,1,0.5,1,8
527,Community 528,2,Flanders Make (Belgium),1,0.5,1,4
528,Community 529,2,Thales (Portugal),1,0.5,1,2
529,Community 530,2,"Agency for Science, Technology and Research",1,0.5,1,3
530,Community 531,2,Beijing University of Chemical Technology,1,0.5,1,13
531,Community 532,2,Australian National University,2,1.0,2,6
532,Community 533,3,Shanghai Medical College of Fudan University,3,1.0,3,9
533,Community 534,6,Università della Svizzera italiana,2,0.3333333333333333,2,5
534,Community 535,2,Dalle Molle Institute for Artificial Intelligence Research,2,1.0,2,1
535,Community 536,2,Simula Research Laboratory,1,0.5,1,2
536,Community 537,3,University of Cagliari,2,0.6666666666666666,2,2
537,Community 538,2,University of Amsterdam,2,1.0,2,1
538,Community 539,2,Southeast University,2,1.0,2,17
539,Community 540,2,First Affiliated Hospital of Guangzhou Medical University,1,0.5,1,3
540,Community 541,2,IBM Research - Zurich,2,1.0,2,2
541,Community 542,2,University of Sheffield,2,1.0,2,3
542,Community 543,2,Institute of Automation,2,1.0,2,3
543,Community 544,2,University of Oxford,2,1.0,2,3
544,Community 545,2,Shanxi University,2,1.0,2,8
545,Community 546,3,National Clinical Research Center for Digestive Diseases,2,0.6666666666666666,2,27
546,Community 547,2,Chinese Academy of Sciences,1,0.5,1,5
547,Community 548,2,Indraprastha Institute of Information Technology Delhi,1,0.5,1,2
548,Community 549,2,University of Milan,1,0.5,1,2
549,Community 550,2,Northwestern Polytechnical University,1,0.5,1,2
550,Community 551,2,Memorial University of Newfoundland,1,0.5,1,2
551,Community 552,2,University of Alberta,2,1.0,2,1
552,Community 553,2,Dalian University of Technology,1,0.5,1,3
553,Community 554,3,Tel Aviv University,2,0.6666666666666666,2,2
554,Community 555,2,Boston University,1,0.5,1,2
555,Community 556,2,Athena Research and Innovation Center In Information Communication & Knowledge Technologies,1,0.5,1,9
556,Community 557,2,University of Copenhagen,2,1.0,2,4
557,Community 558,2,Georgia Institute of Technology,1,0.5,1,2
558,Community 559,3,Decision Systems (United States),3,1.0,3,3
559,Community 560,2,Institute of Semiconductors,1,0.5,1,4
560,Community 561,2,Baidu (China),2,1.0,2,10
561,Community 562,2,Macquarie University,1,0.5,1,2
562,Community 563,3,Australian National University,1,0.3333333333333333,1,15
563,Community 564,2,Northwestern Polytechnical University,2,1.0,2,7
564,Community 565,2,"University of California, Los Angeles",2,1.0,2,5
565,Community 566,2,University of Cambridge,2,1.0,2,2
566,Community 567,5,Renmin University of China,2,0.4,2,29
567,Community 568,2,Alibaba Group (China),1,0.5,1,2
568,Community 569,2,East China University of Science and Technology,1,0.5,1,7
569,Community 570,2,Nanyang Technological University,2,1.0,2,1
570,Community 571,3,Jilin University,2,0.6666666666666666,2,4
571,Community 572,2,Chinese Academy of Sciences,2,1.0,2,6
572,Community 573,2,Vanderbilt University,1,0.5,1,2
573,Community 574,2,Chongqing Medical University,1,0.5,1,3
574,Community 575,2,Embedded Systems (United States),1,0.5,1,2
575,Community 576,49,Wuhan University,5,0.10204081632653061,5,138
576,Community 577,4,Capital One (United States),1,0.25,1,18
577,Community 578,2,Singapore University of Technology and Design,1,0.5,1,3
578,Community 579,3,Huazhong University of Science and Technology,3,1.0,3,2
